{
  "animations": {},
  "textureSize": [
    32,
    32
  ],
  "parts": [
    {
      "type": "databank:group",
      "name": "root",
      "rotation": [
        0,
        0,
        0
      ],
      "offset": [
        0,
        0,
        0
      ],
      "children": [
        {
          "type": "databank:group",
          "name": "horns",
          "rotation": [
            0,
            0,
            0
          ],
          "offset": [
            0,
            2,
            1
          ],
          "children": [
            {
              "type": "databank:cube",
              "name": "cube",
              "rotation": [
                0.21495362068195478,
                -0.037593198665416876,
                0.17047642647813996
              ],
              "offset": [
                -3,
                7.5,
                -4
              ],
              "texOffset": [
                12,
                5
              ],
              "mirror": false,
              "origin": [
                -1,
                -2,
                -1
              ],
              "dimensions": [
                2,
                4,
                2
              ],
              "inflate": 0
            },
            {
              "type": "databank:cube",
              "name": "cube1",
              "rotation": [
                0.21495362068195478,
                0.037593198665416876,
                -0.17047642647813996
              ],
              "offset": [
                3,
                7.5,
                -4
              ],
              "texOffset": [
                10,
                12
              ],
              "mirror": false,
              "origin": [
                -1,
                -2,
                -1
              ],
              "dimensions": [
                2,
                4,
                2
              ],
              "inflate": 0
            },
            {
              "type": "databank:cube",
              "name": "cube2",
              "rotation": [
                0.2420833976166018,
                -0.2399343500122336,
                0.0867776018879683
              ],
              "offset": [
                -3.25,
                7,
                -2.5
              ],
              "texOffset": [
                0,
                0
              ],
              "mirror": false,
              "origin": [
                -1,
                0.05000000000000071,
                -1
              ],
              "dimensions": [
                2,
                2,
                4
              ],
              "inflate": 0
            },
            {
              "type": "databank:cube",
              "name": "cube3",
              "rotation": [
                0.2420833976166018,
                0.2399343500122336,
                -0.0867776018879683
              ],
              "offset": [
                3.25,
                7,
                -2.5
              ],
              "texOffset": [
                0,
                6
              ],
              "mirror": false,
              "origin": [
                -1,
                0.05000000000000071,
                -1
              ],
              "dimensions": [
                2,
                2,
                4
              ],
              "inflate": 0
            },
            {
              "type": "databank:cube",
              "name": "cube4",
              "rotation": [
                -0.25346436170016223,
                0.10951459493331978,
                0.0847949366923967
              ],
              "offset": [
                -3.75,
                6.5,
                1
              ],
              "texOffset": [
                0,
                12
              ],
              "mirror": false,
              "origin": [
                -0.8499999999999996,
                0.09999999999999964,
                -1
              ],
              "dimensions": [
                2,
                2.0000000000000018,
                3
              ],
              "inflate": 0
            },
            {
              "type": "databank:cube",
              "name": "cube5",
              "rotation": [
                -0.25346436170016223,
                -0.10951459493331978,
                -0.0847949366923967
              ],
              "offset": [
                3.75,
                6.5,
                1
              ],
              "texOffset": [
                12,
                0
              ],
              "mirror": false,
              "origin": [
                -1.1500000000000004,
                0.09999999999999964,
                -1
              ],
              "dimensions": [
                2,
                2.0000000000000018,
                3
              ],
              "inflate": 0
            },
            {
              "type": "databank:cube",
              "name": "cube6",
              "rotation": [
                0.4702079507171976,
                -0.1001078141402766,
                0.19416807311151038
              ],
              "offset": [
                3,
                8.5,
                0.75
              ],
              "texOffset": [
                4,
                17
              ],
              "mirror": false,
              "origin": [
                0,
                -0.15000000000000036,
                0
              ],
              "dimensions": [
                1,
                2,
                1
              ],
              "inflate": 0
            },
            {
              "type": "databank:cube",
              "name": "cube7",
              "rotation": [
                0.4702079507171976,
                0.1001078141402766,
                -0.19416807311151038
              ],
              "offset": [
                -3,
                8.5,
                0.75
              ],
              "texOffset": [
                0,
                17
              ],
              "mirror": false,
              "origin": [
                -1,
                -0.15000000000000036,
                0
              ],
              "dimensions": [
                1,
                2,
                1
              ],
              "inflate": 0
            }
          ]
        }
      ]
    }
  ],
  "version": 1
}